{
  "version": "0.2",
  "allowCompoundWords": true,
  "overrides": [
    {
      "filename": "**/*",
      "enabled": false
    },
    {
      "filename": "**/*.md",
      "enabled": true
    }
  ],
  "flagWords": [
    "alot",
    "hte",
    "langauge",
    "reccommend",
    "seperate",
    "teh"
  ],
  "ignorePaths": [
    "**/emojis.md",
    "**/commands/*",
    "**/showcase/*",
    "**/tools/*"
  ],
  "ignoreRegExpList": [
    "# cspell: ignore fenced code blocks",
    "^(\\s*`{3,}).*[\\s\\S]*?^\\1$",
    "# cspell: ignore words joined with dot",
    "\\w+\\.\\w+",
    "# cspell: ignore strings within backticks",
    "`.+`",
    "# cspell: ignore strings within double quotes",
    "\".+\"",
    "# cspell: ignore strings within brackets",
    "\\[.+\\]",
    "# cspell: ignore strings within parentheses",
    "\\(.+\\)",
    "# cspell: ignore words that begin with a slash",
    "/\\w+",
    "# cspell: ignore everything within action delimiters",
    "\\{\\{.+\\}\\}",
    "# cspell: ignore everything after a right arrow",
    "\\s+→\\s+.+"
  ],
  "language": "en",
  "words": [
    "composability",
    "configurators",
    "defang",
    "deindent",
    "downscale",
    "downscaling",
    "exif",
    "geolocalized",
    "grayscale",
    "marshal",
    "marshaling",
    "multihost",
    "multiplatfom",
    "performantly",
    "preconfigured",
    "prerendering",
    "redirection",
    "redirections",
    "subexpression",
    "suppressible",
    "synchronisation",
    "templating",
    "transpile",
    "unmarshal",
    "unmarshaled",
    "unmarshaling",
    "unmarshals",
    "# ----------------------------------------------------------------------",
    "# cspell: ignore hugo terminology",
    "# ----------------------------------------------------------------------",
    "alignx",
    "aligny",
    "attrlink",
    "canonify",
    "codeowners",
    "dynacache",
    "eturl",
    "getenv",
    "gohugo",
    "gohugoio",
    "keyvals",
    "leftdelim",
    "linkify",
    "numworkermultiplier",
    "rightdelim",
    "shortcode",
    "stringifier",
    "struct",
    "toclevels",
    "unmarshal",
    "unpublishdate",
    "zgotmplz",
    "# ----------------------------------------------------------------------",
    "# cspell: ignore foreign language words",
    "# ----------------------------------------------------------------------",
    "bezpieczeństwo",
    "blatt",
    "buch",
    "descripción",
    "dokumentation",
    "erklärungen",
    "español",
    "français",
    "libros",
    "mercredi",
    "miesiąc",
    "miesiąc",
    "miesiąca",
    "miesiące",
    "miesięcy",
    "misérables",
    "mittwoch",
    "muchos",
    "novembre",
    "otro",
    "pocos",
    "produkte",
    "projekt",
    "prywatność",
    "referenz",
    "régime",
    "# ----------------------------------------------------------------------",
    "# cspell: ignore names",
    "# ----------------------------------------------------------------------",
    "Atishay",
    "Cosette",
    "Eliott",
    "Furet",
    "Gregor",
    "Jaco",
    "Lanczos",
    "Ninke",
    "Noll",
    "Pastorius",
    "Samsa",
    "Stucki",
    "Thénardier",
    "WASI",
    "# ----------------------------------------------------------------------",
    "# cspell: ignore operating systems and software packages",
    "# ----------------------------------------------------------------------",
    "asciidoctor",
    "brotli",
    "cifs",
    "corejs",
    "disqus",
    "docutils",
    "dpkg",
    "doas",
    "eopkg",
    "forgejo",
    "gitee",
    "goldmark",
    "katex",
    "kubuntu",
    "lubuntu",
    "mathjax",
    "nosql",
    "pandoc",
    "pkgin",
    "rclone",
    "xubuntu",
    "# ----------------------------------------------------------------------",
    "# cspell: ignore miscellaneous",
    "# ----------------------------------------------------------------------",
    "achristie",
    "ccpa",
    "cpra",
    "ddmaurier",
    "dring",
    "fleqn",
    "inor",
    "jausten",
    "jdoe",
    "jsmith",
    "leqno",
    "milli",
    "monokai",
    "mysanityprojectid",
    "rgba",
    "rsmith",
    "tdewolff",
    "tjones",
    "vcard",
    "wcag",
    "xfeff"
  ]
}
